unitName,unitImageName,unitImageName2d,view1-svg,view1-svg-2d,view1-name,view1-type,view1-details,view2-svg,view2-svg-2d,view2-name,view2-type,view2-details,view3-svg,view3-svg-2d,view3-name,view3-type,view3-details,view4-svg,view4-svg-2d,view4-name,view4-type,view4-details,view5-svg,view5-svg-2d,view5-name,view5-type,view5-details,view6-svg,view6-svg-2d,view6-name,view6-type,view6-details,view7-svg,view7-svg-2d,view7-name,view7-type,view7-details,view8-svg,view8-svg-2d,view8-name,view8-type,view8-details,view9-svg,view9-svg-2d,view9-name,view9-type,view9-details,view10-svg,view10-svg-2d,view10-name,view10-type,view10-details,view11-svg,view11-svg-2d,view11-name,view11-type,view11-details,view12-svg,view12-svg-2d,view12-name,view12-type,view12-details,view13-svg,view13-svg-2d,view13-name,view13-type,view13-details,view14-svg,view14-svg-2d,view14-name,view14-type,view14-details,view15-svg,view15-svg-2d,view15-name,view15-type,view15-details,view16-svg,view16-svg-2d,view16-name,view16-type,view16-details,view17-svg,view17-svg-2d,view17-name,view17-type,view17-details,view18-svg,view18-svg-2d,view18-name,view18-type,view18-details,view19-svg,view19-svg-2d,view19-name,view19-type,view19-details,clusterplan,sun-mor,sun-aft,sun-eve
B-2BHK type1-1,2bhk-type1-1.jpg,2bhk-type1-1-2d.jpg,85.71 48.57 79.37 64.44 66.06 58.41 73.75 43.49,84.25 45.56 84.25 67.3 73.63 67.3 73.87 45.4,Kitchen,info,6.6 ft. X 10.4 ft.,61.66 24.6 79.61 30.63 74.97 39.37 56.04 32.86,54.7 22.86 73.26 23.02 73.26 37.62 54.82 37.62,Dining,info,5.8 ft. X 10.95 ft.,73.02 43.02 65.08 58.1 44.2 48.89 54.46 34.76,54.58 67.3 73.26 67.3 73.14 45.56 54.7 45.56,Living,info,5.8 ft. X 10.95 ft.,29.18 35.08 16.97 47.78 36.75 57.46 52.87 35.56 47.37 33.49 42.12 40.16,34.92 57.94 34.92 79.52 54.09 79.37 54.09 45.56 48.47 45.56 48.47 57.94,Guest bedroom,info,12.0 X 10.6 ft.,46.28 33.33 41.64 39.05 27.11 33.33 32.84 27.78,47.74 46.19 47.74 57.3 32.36 57.3 32.36 46.03,Guest bath,info,9.9 ft. X 5.5 ft.,29.79 13.65 46.15 18.89 39.93 25.56 50.31 29.68 47.37 33.17 19.41 22.7,15.63 22.06 36.63 22.22 36.51 37.62 47.74 37.78 47.62 45.4 15.51 45.4,Master bedroom,info,13.0 X 11.6 ft.,47.62 21.75 59.83 26.03 56.29 31.27 43.47 26.51,40.05 26.35 54.21 26.19 54.09 37.3 40.05 37.3,Master bath,info,8.8 ft. X 5.5 ft.,18.56 23.17 12.94 30.16 24.3 34.6 29.18 27.62,15.38 46.83 28.94 46.83 28.94 57.78 15.51 57.94,Balcony 1,info,5.9 ft. X 8.6 ft.,50.79 52.86 44.57 63.49 64.1 73.33 69.23 60.95,76.68 79.68 60.81 79.68 60.68 68.57 76.56 68.57,Balcony 2,info,5.11 ft. X 10.4 ft.,21 31.11,21.61 51.9,Kids Play View,link,kids_play.jpg,56.17 65.71,67.77 74.6,Kids Play View2,link,kids_play.jpg,,,,,,,,,,,,,,,,,,,,,,,,,,,,,,,,,,,,,,,,,C1.jpg,2bhk-type1-1-mor.png,2bhk-type1-1-noon.png,2bhk-type1-1-eve.png
B-2BHK type1-2,2bhk-type1-2.jpg,2bhk-type1-2-2d.jpg,21.61 29.05 10.87 38.57 19.05 42.22 29.55 31.75,15.14 46.19 15.14 67.3 25.76 67.3 25.76 46.19,Kitchen,info,6.6 ft. X 10.4 ft.,30.16 31.9 19.41 42.22 35.9 49.52 45.54 37.78,26.01 45.71 44.69 45.56 44.57 67.3 26.13 67.3,Living,info,5.8 ft. X 10.95 ft.,39.19 23.17 53.24 27.94 47.86 34.44 33.58 29.05,26.13 22.86 44.57 22.7 44.57 37.78 26.13 37.78,Dining,info,5.8 ft. X 10.95 ft.,52.99 29.37 64.84 33.49 61.78 38.57 49.21 33.97,59.1 26.51 59.34 37.14 45.3 37.14 45.3 26.67,Master bath,info,8.8 ft. X 5.5 ft.,69.35 32.86 89.87 39.52 85.1 53.97 51.65 40.16 54.58 36.67 65.2 40.32,62.88 22.06 83.88 22.06 83.88 45.4 51.65 45.4 51.53 38.1 63 37.94,Master bedroom,info,13.0 X 11.6 ft.,45.67 38.41 30.28 57.78 51.28 67.94 59.83 52.54 46.64 46.19 50.92 40.48,45.05 46.03 45.18 79.21 64.71 79.37 64.59 57.94 51.16 57.94 51.16 46.03,Guest bed,info,12.0 X 10.6 ft.,51.53 40.63 47.5 45.87 64.1 53.65 67.28 47.46,51.65 46.19 67.03 46.03 67.03 57.3 51.77 57.3,Guest bath,info,9.9 ft. X 5.5 ft.,70.09 48.25 66.42 56.98 82.05 63.65 84.98 54.13,70.33 46.83 70.21 58.1 83.88 57.94 84 46.83,Balcony 1,info,5.9 ft. X 8.6 ft.,16.73 42.06 10.13 49.84 23.81 56.83 30.28 48.25,23.08 68.57 23.08 79.68 38.58 79.68 38.71 68.57,Balcony 2,info,5.11 ft. X 10.4 ft.,18.8 51.9,30.53 74.29,Garden View ,link,garden_view.jpg,74.85 58.1,76.31 52.22,Garden View 2,link,garden_view.jpg,,,,,,,,,,,,,,,,,,,,,,,,,,,,,,,,,,,,,,,,,C2.jpg,2bhk-type1-2-mor.png,2bhk-type1-2-noon.png,2bhk-type1-2-eve.png
C-2BHK type1-3,2bhk-type1-3.jpg,2bhk-type1-3-2d.jpg,29.79 13.65 46.15 18.89 39.93 25.56 50.31 29.68 47.37 33.17 19.41 22.7,15.63 22.06 36.63 22.22 36.51 37.62 47.74 37.78 47.62 45.4 15.51 45.4,Master bedroom,info,13.0 X 11.6 ft.,47.62 21.75 59.83 26.03 56.29 31.27 43.47 26.51,40.05 26.35 54.21 26.19 54.09 37.3 40.05 37.3,Master bath,info,8.8 ft. X 5.5 ft.,61.66 24.6 79.61 30.63 74.97 39.37 56.04 32.86,54.7 22.86 73.26 23.02 73.26 37.62 54.82 37.62,Dining,info,5.8 ft. X 10.95 ft.,85.71 48.57 79.37 64.44 66.06 58.41 73.75 43.49,84.25 45.56 84.25 67.3 73.63 67.3 73.87 45.4,Kitchen,info,6.6 ft. X 10.4 ft.,73.02 43.02 65.08 58.1 44.2 48.89 54.46 34.76,54.58 67.3 73.26 67.3 73.14 45.56 54.7 45.56,Living,info,5.8 ft. X 10.95 ft.,50.79 52.86 44.57 63.49 64.1 73.33 69.23 60.95,76.68 79.68 60.81 79.68 60.68 68.57 76.56 68.57,Balcony 2,info,5.11 ft. X 10.4 ft.,29.18 35.08 16.97 47.78 36.75 57.46 52.87 35.56 47.37 33.49 42.12 40.16,34.92 57.94 34.92 79.52 54.09 79.37 54.09 45.56 48.47 45.56 48.47 57.94,Guest bedroom,info,12.0 X 10.6 ft.,46.28 33.33 41.64 39.05 27.11 33.33 32.84 27.78,47.74 46.19 47.74 57.3 32.36 57.3 32.36 46.03,Guest bath,info,9.9 ft. X 5.5 ft.,18.56 23.17 12.94 30.16 24.3 34.6 29.18 27.62,15.38 46.83 28.94 46.83 28.94 57.78 15.51 57.94,Balcony 1,info,5.9 ft. X 8.6 ft.,21 31.11,21.61 51.9,Garden View ,link,garden_view.jpg,56.17 65.71,67.77 74.6,Garden View 2,link,garden_view.jpg,,,,,,,,,,,,,,,,,,,,,,,,,,,,,,,,,,,,,,,,,C3.jpg,2bhk-type1-3-mor.png,2bhk-type1-3-noon.png,2bhk-type1-3-eve.png
C-2BHK type1-4,2bhk-type1-4.jpg,2bhk-type1-4-2d.jpg,69.35 32.86 89.87 39.52 85.35 53.17 52.01 40.16 54.46 36.51 65.08 40.32,62.88 22.06 83.88 22.06 83.88 45.4 51.65 45.4 51.53 38.1 63 37.94,Master bedroom,info,13.0 X 11.6 ft.,64.71 33.81 61.54 38.57 49.33 33.81 53.11 29.37,59.1 26.51 59.34 37.14 45.3 37.14 45.3 26.67,Master bath,info,8.8 ft. X 5.5 ft.,39.19 23.17 53.24 27.94 48.11 34.29 33.7 28.89,26.13 22.86 44.57 22.7 44.57 37.78 26.13 37.78,Dining,info,5.8 ft. X 10.95 ft.,21.49 28.89 10.74 38.57 19.05 41.9 29.67 31.75,15.14 46.19 15.14 67.3 25.76 67.3 25.76 46.19,Kitchen,info,6.6 ft. X 10.4 ft.,30.04 32.06 19.66 42.22 36.02 49.52 45.42 37.78,26.01 45.71 44.69 45.56 44.57 67.3 26.13 67.3,Living,info,5.8 ft. X 10.95 ft.,45.91 37.94 30.28 57.78 51.04 67.94 59.95 52.54 46.15 46.51 51.28 40,45.05 46.03 45.18 79.21 64.71 79.37 64.59 57.94 51.16 57.94 51.16 46.03,Guest bed,info,12.0 X 10.6 ft.,51.65 40.63 47.13 46.35 63.74 53.49 67.64 46.83,51.65 46.19 67.03 46.03 67.03 57.3 51.77 57.3,Guest bath,info,9.9 ft. X 5.5 ft.,69.84 48.1 66.54 56.83 81.93 63.49 85.1 54.13,70.33 46.83 70.21 58.1 83.88 57.94 84 46.83,Balcony 1,info,5.9 ft. X 8.6 ft.,16.61 42.06 10.13 49.84 23.93 56.67 31.87 49.05,23.08 68.57 23.08 79.68 38.58 79.68 38.71 68.57,Balcony 2,info,5.11 ft. X 10.4 ft.,19.17 50.63,30.53 74.29,Kids Play View,link,kids_play.jpg,74.73 57.14,76.31 52.22,Kids Play View2,link,kids_play.jpg,,,,,,,,,,,,,,,,,,,,,,,,,,,,,,,,,,,,,,,,,C4.jpg,2bhk-type1-4-mor.png,2bhk-type1-4-noon.png,2bhk-type1-4-eve.png
E-3BHK-SQ-type1-1,3bhk-SQ-type1-1.jpg,3bhk-SQ-type1-1-2d.jpg,84.37 53.81 81.81 59.84 70.33 53.33 73.5 48.1 ,79.98 48.89 89.26 49.05 89.26 56.03 79.85 56.03 ,Bath2,info,7.10 X 5.2 ft. ,76.31 57.78 67.28 75.08 51.28 64.44 61.66 49.37 64.84 50.79 68.62 45.08 73.38 47.46 69.6 53.81 ,85.1 56.51 85.47 73.81 72.28 74.13 72.28 56.67 74.85 56.67 74.85 48.41 79.24 48.57 79.37 56.35 ,Bedroom2,info,10.6 X 12.0 ft.,53.36 54.13 49.45 61.43 29.3 48.41 33.94 42.38 ,69.47 65.56 69.47 72.54 48.47 72.54 48.47 65.24 ,Balcony1,info,4-11 ft.,50.31 35.4 40.54 45.87 56.53 55.71 65.32 43.02 ,71.79 48.25 71.79 64.92 55.68 64.76 55.8 47.94 ,Living,info,6.5 X 11.7 ft.,41.76 31.75 32.72 40.63 40.42 45.24 49.57 35.24 ,55.31 48.57 55.43 64.76 46.15 64.76 46.15 48.57 ,Kitchen,info,7.6 X 11.2 ft.,24.05 30.32 13.06 38.57 25.4 46.51 35.53 36.83 33.7 35.56 39.56 30.32 36.26 28.25 30.28 33.65 ,45.67 73.97 30.28 73.81 30.04 58.73 38.46 58.57 38.46 48.73 43.35 49.05 43.22 58.73 45.67 58.57 ,Bedroom1,info,12.6 X 10.6 ft.,17.58 34.44 14.9 33.49 20.63 29.05 23.2 29.84 ,29.3 58.41 24.66 58.41 24.79 67.46 29.3 67.3 ,Balcony2,info,4-1 ft.,30.4 25.08 24.91 29.84 30.4 32.86 35.65 27.94 ,30.04 48.57 38.22 48.73 38.1 57.94 30.16 58.1 ,Bath1,info,6.9 X 6.4 ft.,32.97 14.92 24.18 21.27 35.65 26.67 44.08 19.84 ,20.02 30.63 36.87 30.79 36.87 42.54 48.11 42.7 48.23 48.1 20.02 47.94 ,Master bedroom,info,13.6 X 12.0 ft.,23.69 20.48 22.22 19.68 28.69 15.71 30.16 16.19 ,19.29 33.02 14.53 33.02 14.41 45.56 19.29 45.71 ,Balcony3,info,4-1 ft.,52.87 23.81 47.99 21.43 42.25 26.51 47.86 29.37 ,49.33 30.79 49.45 41.9 42.12 41.9 42.25 30.63 ,Master bath,info,5.0 X 5.7 ft.,53.6 23.97 57.51 25.71 52.5 31.59 48.6 29.37 ,49.82 30.48 54.95 30.48 54.95 41.75 49.82 41.75 ,Utility,info,4.8 X 8.0 ft.,57.63 26.19 53.24 31.59 68.25 39.05 72.41 33.17 ,71.92 30.63 71.92 42.06 55.31 42.38 55.31 30.48 ,Dining,info,6.5 X 11.7 ft.,56.17 24.76 57.14 23.65 77.78 32.7 76.68 34.13 ,75.7 25.56 51.28 25.4 51.28 30 75.7 29.68 ,Utility Balcony,info,3-3 ft.,72.89 33.02 70.09 37.14 81.2 42.54 83.64 38.1 ,83.64 31.11 83.52 38.73 72.65 38.89 72.41 30.63 ,Servent room,info,8.11 X 5.7 ft.,81.2 31.59 88.77 34.76 86.69 38.57 78.63 34.92,78.02 23.65 85.47 23.49 85.59 29.68 78.02 29.68 ,Servent Toilet,info,6.2 X 4.7 ft.,43.22 50.32,58.36 69.05 ,Tennis Court1 ,link,tennis_court.jpg,17.15 28.86,26.86 62.86 ,Tennis Court2  ,link,tennis_court.jpg,25.15 14.51 ,16.73 39.21 ,Tennis Court3   ,link,tennis_court.jpg,E1.jpg,3bhk-SQ-type1-1-mor.png,3bhk-SQ-type1-1-noon.png,3bhk-SQ-type1-1-eve.png
E-3BHK-SQ-type1-2,3bhk-SQ-type1-2.jpg,3bhk-SQ-type1-2-2d.jpg,25.64 28.57 21.86 31.43 27.47 34.13 30.77 31.27 ,15.26 48.1 24.42 47.94 24.3 55.4 15.26 55.4 ,Bath2,info,7.10 X 5.2 ft. ,23.81 33.02 13.19 41.27 22.1 46.67 32.36 37.46 30.89 36.35 34.8 32.86 31.75 31.43 27.72 34.92 ,32.36 73.33 19.17 73.49 19.29 55.87 25.4 55.87 25.4 47.46 29.79 47.46 29.67 55.87 32.23 56.03 ,Bedroom2,info,10.6 X 12.0 ft.,29.18 43.33 25.76 48.1 41.76 58.57 45.3 52.86 ,56.04 65.08 56.17 71.75 35.29 71.75 35.41 64.76 ,Balcony1,info,4-11 ft.,36.75 34.13 28.08 42.06 39.68 48.73 47.86 39.68 ,32.72 47.62 32.6 64.13 48.96 64.29 48.96 47.62 ,Living,info,6.5 X 11.7 ft.,47.99 40 40.29 48.73 48.23 53.65 55.92 44.13 ,58.49 47.78 58.49 64.13 49.21 64.13 49.21 47.94 ,Kitchen,info,7.6 X 11.2 ft.,58.49 45.08 54.09 51.27 52.01 50.16 43.35 60.79 58.85 70.79 65.81 58.41 57.88 53.97 62.27 46.83 ,74.6 73.33 58.97 73.33 58.97 58.1 61.29 58.1 61.42 47.94 65.93 47.94 66.06 57.94 74.48 58.1 ,Bedroom1,info,12.6 X 10.6 ft.,67.03 58.25 71.43 61.9 67.64 68.57 63 65.56 ,75.58 57.62 79.85 57.78 79.85 66.51 75.58 66.51 ,Balcony2,info,4-1 ft.,62.76 47.3 58.61 53.49 66.06 57.62 69.84 50.95 ,66.42 48.1 74.36 47.94 74.36 57.3 66.42 57.14 ,Bath1,info,6.9 X 6.4 ft.,70.09 38.41 85.59 45.56 80.46 56.35 62.39 46.83 64.22 43.65 66.3 44.6 ,84.62 30.16 67.77 30 67.89 42.06 66.3 42.06 66.42 47.3 84.74 47.14 ,Master bedroom,info,13.6 X 12.0 ft.,85.84 47.78 90.11 50.63 86.45 58.57 82.3 55.4 ,90.11 32.54 85.35 32.38 85.35 45.24 90.23 44.92 ,Balcony3,info,4-1 ft.,60.68 33.65 56.53 38.89 62.52 41.59 66.06 36.51 ,55.31 30 55.56 41.27 62.39 41.27 62.39 29.84 ,Master bath,info,5.0 X 5.7 ft.,44.93 24.29 43.47 25.08 59.58 32.54 61.05 31.59,49.57 29.84 55.07 29.84 55.07 41.11 49.45 40.95 ,Utility,info,4.8 X 8.0 ft.,44.81 25.87 39.93 31.11 50.55 36.98 55.19 31.59 ,32.6 29.84 48.84 29.84 48.84 41.9 32.6 42.06 ,Dining,info,6.5 X 11.7 ft.,60.44 31.75 45.3 23.81 44.69 24.6 59.22 32.7 ,53.48 24.76 28.82 24.92 28.69 28.89 53.24 28.89 ,Utility Balcony,info,3-3 ft.,40.66 29.84 33.46 26.03 36.75 23.02 44.2 26.35 ,21.25 30 21.25 38.1 32.36 37.94 32.23 29.84 ,Servent room,info,8.11 X 5.7 ft.,39.44 20.32 36.51 22.06 41.27 24.29 43.35 22.06 ,19.17 22.7 19.29 29.21 26.74 29.21 26.74 22.86 ,Servent Bath,info,6.2 X 4.7 ft.,34.8 50.32 ,45.05 68.41 ,Club House,link,club_house.jpg,65.28 62.24 ,78.27 62.22 ,Tennis Court1,link,tennis_court.jpg,85.71 51.65 ,88.03 37.46 ,Tennis Court 2,link,tennis_court.jpg,E2.jpg,3bhk-SQ-type1-2-mor.png,3bhk-SQ-type1-2-noon.png,3bhk-SQ-type1-2-eve.png
E-3BHK type2-3,3bhk-type2-3.jpg,3bhk-type2-3-2d.jpg,85.96 52.38 83.27 57.78 71.79 51.75 75.09 46.83,85.23 49.37 85.1 42.54 75.7 42.54 75.7 49.37 ,Bath2,info,7.10 X 5.2 ft.,63.86 48.1 53.97 61.27 70.09 71.27 78.27 55.56 71.18 51.75 74.97 45.87 70.21 43.97 66.67 49.52 ,81.2 50 81.2 67.78 67.77 67.78 68.01 50.16 70.45 50.16 70.33 41.9 75.21 42.06 75.21 50 ,Bedroom2,info,10.6 X 12.0 ft.,37 42.38 33.7 47.14 52.38 58.41 55.07 52.54 ,64.96 59.52 65.08 64.92 45.3 64.76 45.3 59.52 ,Balcony1,info,4-1 ft.,53.11 35.71 44.32 45.56 58.73 53.81 66.79 42.54 ,52.5 41.9 52.63 58.57 67.4 58.57 67.4 41.9 ,Living,info,6.0 X 11.3 ft.,44.93 32.7 35.9 41.11 43.83 45.24 52.38 35.87 ,42.86 42.22 43.1 58.89 52.01 58.73 52.01 42.38 ,Kitchen,info,7.6 X 11.2 ft.,27.59 31.11 17.34 38.73 29.06 46.19 39.07 37.14 37.61 36.35 42.98 31.11 39.56 29.52 33.7 34.29 ,26.98 52.7 26.98 67.46 42.49 67.62 42.74 52.7 40.05 53.02 40.05 41.9 35.41 41.9 35.41 52.7 ,Bedroom1,info,10.6 X 12.6 ft.,17.7 40.16 13.92 44.6 23.44 50.63 26.86 46.19 ,40.66 68.57 40.66 74.13 28.94 74.13 28.94 68.57 ,Balcony2,info,4-1 ft.,32.84 27.14 28.08 30.48 33.7 33.49 38.58 29.52 ,26.62 42.06 26.74 51.9 35.04 51.9 34.92 41.9 ,Bath1,info,6.8 X 6.9 ft.,35.9 17.78 26.98 23.33 40.42 29.84 43.1 27.46 41.51 26.51 47.25 22.06 ,16.85 24.29 16.85 41.75 34.92 41.59 35.04 36.35 33.46 36.51 33.46 24.29 ,Master bedroom,info,13.6 X 12.0 ft.,26.62 23.97 23.81 27.14 28.45 29.52 31.14 26.19 ,16.73 42.7 16.73 48.1 24.42 48.25 24.3 42.7 ,Balcony3,info,4-1 ft.,50.55 23.65 55.56 25.71 50.92 30.32 45.67 28.1 ,39.07 24.29 45.79 24.44 45.91 35.71 39.19 35.56 ,Master bath,info,6.7 X 8.0 ft.,55.56 26.35 59.71 28.25 55.56 32.54 51.16 30.63 ,46.4 25.4 51.77 25.4 51.77 35.56 46.4 35.56 ,Utility,info,4.8 X 7.2 ft.,60.32 28.41 55.8 33.49 68.86 40 73.5 33.97 ,52.87 25.24 67.52 25.4 67.52 36.35 52.75 36.51 ,Dining,info,6.0 X 11.3 ft.,71.18 37.94 83.52 43.33 80.95 48.41 68.25 42.38 ,67.89 33.02 79.73 32.86 79.73 41.43 68.01 41.43 ,Lobby,info,5-1 ft.,44.08 50 ,54.46 63.02 ,Club House,link,club_house.jpg,19.78 45.24 ,34.31 71.11 ,Club House1,link,club_house.jpg,24.86 24.03 ,20.27 45.4 ,Swimming Pool,link,swimming_pool.jpg,,,,,,,,,,,E3.jpg,3bhk-type2-3-mor.png,3bhk-type2-3-noon.png,3bhk-type2-3-eve.png
E-3BHK type2-4,3bhk-type2-4.jpg,3bhk-type2-4-2d.jpg,26.13 26.19 21.98 29.21 28.57 32.06 32.48 28.89 ,17.34 42.86 27.23 42.86 27.11 50.16 17.34 50.16 ,Bath2,info,7.10 X 5.2 ft.,24.18 30.48 13.19 38.41 22.47 44.29 33.46 34.92 31.75 33.97 36.02 30.63 32.84 28.89 28.45 32.22 ,21.73 50.63 21.61 67.94 34.68 67.94 34.55 50.79 31.99 50.79 32.11 42.22 27.72 42.38 27.72 50.63 ,Bedroom2,info,10.6 X 12.0 ft.,30.16 40.32 26.62 44.76 43.22 54.76 46.64 49.52 ,37.48 59.84 37.61 65.24 57.26 65.24 57.26 59.84 ,Balcony1,info,4-1 ft.,38.46 31.27 28.82 39.05 40.9 45.56 49.33 36.67 ,35.29 42.22 35.16 59.21 49.94 59.21 49.94 42.38 ,Living,info,6.0 X 11.3 ft.,49.82 37.14 41.27 45.87 49.21 50.48 57.51 41.11 ,50.43 42.7 50.55 59.21 59.71 59.21 59.58 42.54 ,Kitchen,info,7.6 X 11.2 ft.,44.2 56.98 60.68 66.83 68.5 54.92 59.83 50.32 64.84 43.97 60.32 42.06 55.56 47.94 52.99 46.67 ,60.07 67.94 75.58 67.94 75.46 52.7 67.52 52.7 67.16 42.38 62.52 42.38 62.64 52.54 60.07 52.7 ,Bedroom1,info,10.6 X 12.6 ft.,45.18 58.57 41.64 64.13 54.33 72.86 57.88 66.83 ,62.03 68.89 62.03 74.44 73.75 74.29 73.63 68.89 ,Balcony2,info,4-1 ft.,65.08 44.6 60.56 50.48 68.62 54.6 72.65 48.25 ,67.52 42.54 67.64 52.38 75.95 52.22 75.95 42.7 ,Bath1,info,6.8 X 6.9 ft.,73.14 35.71 89.62 42.7 84.62 53.49 64.59 43.49 66.54 40.63 68.62 41.59 ,68.86 24.6 85.71 24.76 85.84 42.38 67.77 42.38 67.77 36.51 69.11 36.67 ,Master bedroom,info,13.6 X 12.0 ft.,75.46 49.84 73.02 54.6 81.2 58.73 83.64 53.97 ,78.51 43.17 78.51 48.57 85.71 48.57 85.59 43.17 ,Balcony3,info,4-1 ft.,62.64 31.27 58 36.19 64.1 39.21 68.38 33.81 ,56.53 24.76 63.49 24.6 63.61 35.87 56.53 36.03 ,Master bath,info,6.7 X 8.0 ft.,57.26 29.84 61.66 31.59 57.63 36.03 52.87 34.13 ,50.67 25.71 56.17 25.87 56.17 35.87 50.67 35.87 ,Utility,info,4.8 X 7.2 ft.,45.91 25.08 56.65 29.52 52.01 34.13 40.66 29.21 ,35.04 26.19 50.18 26.03 50.06 36.35 35.04 36.51 ,Dining,info,6.0 X 11.3 ft.,34.43 24.13 42.12 27.62 37.97 31.59 30.28 27.3 ,22.71 33.33 34.55 33.17 34.43 41.75 22.71 41.9 ,Lobby,info,5-1 ft.,35.78 46.67 ,47.37 62.38 ,Tennis Court,link,tennis_court.jpg,49.08 65.24 ,67.16 71.43 ,Tennis Court1,link,tennis_court.jpg,77.9 53.97 ,81.81 46.03 ,Tennis Court2,link,tennis_court.jpg,,,,,,,,,,,E4.jpg,3bhk-type2-4-mor.png,3bhk-type2-4-noon.png,3bhk-type2-4-eve.png
G-3BHK type2-1,3bhk-type2-1.jpg,3bhk-type2-1-2d.jpg,85.96 52.38 83.27 57.78 71.79 51.75 75.09 46.83,85.23 49.37 85.1 42.54 75.7 42.54 75.7 49.37 ,Bath2,info,7.10 X 5.2 ft.,63.86 48.1 53.97 61.27 70.09 71.27 78.27 55.56 71.18 51.75 74.97 45.87 70.21 43.97 66.67 49.52 ,81.2 50 81.2 67.78 67.77 67.78 68.01 50.16 70.45 50.16 70.33 41.9 75.21 42.06 75.21 50 ,Bedroom2,info,10.6 X 12.0 ft.,37 42.38 33.7 47.14 52.38 58.41 55.07 52.54 ,64.96 59.52 65.08 64.92 45.3 64.76 45.3 59.52 ,Balcony1,info,4-1 ft.,53.11 35.71 44.32 45.56 58.73 53.81 66.79 42.54 ,52.5 41.9 52.63 58.57 67.4 58.57 67.4 41.9 ,Living,info,6.0 X 11.3 ft.,44.93 32.7 35.9 41.11 43.83 45.24 52.38 35.87 ,42.86 42.22 43.1 58.89 52.01 58.73 52.01 42.38 ,Kitchen,info,7.6 X 11.2 ft.,27.59 31.11 17.34 38.73 29.06 46.19 39.07 37.14 37.61 36.35 42.98 31.11 39.56 29.52 33.7 34.29 ,26.98 52.7 26.98 67.46 42.49 67.62 42.74 52.7 40.05 53.02 40.05 41.9 35.41 41.9 35.41 52.7 ,Bedroom1,info,10.6 X 12.6 ft.,17.7 40.16 13.92 44.6 23.44 50.63 26.86 46.19 ,40.66 68.57 40.66 74.13 28.94 74.13 28.94 68.57 ,Balcony2,info,4-1 ft.,32.84 27.14 28.08 30.48 33.7 33.49 38.58 29.52 ,26.62 42.06 26.74 51.9 35.04 51.9 34.92 41.9 ,Bath1,info,6.8 X 6.9 ft.,35.9 17.78 26.98 23.33 40.42 29.84 43.1 27.46 41.51 26.51 47.25 22.06 ,16.85 24.29 16.85 41.75 34.92 41.59 35.04 36.35 33.46 36.51 33.46 24.29 ,Master bedroom,info,13.6 X 12.0 ft.,26.62 23.97 23.81 27.14 28.45 29.52 31.14 26.19 ,16.73 42.7 16.73 48.1 24.42 48.25 24.3 42.7 ,Balcony3,info,4-1 ft.,50.55 23.65 55.56 25.71 50.92 30.32 45.67 28.1 ,39.07 24.29 45.79 24.44 45.91 35.71 39.19 35.56 ,Master bath,info,6.7 X 8.0 ft.,55.56 26.35 59.71 28.25 55.56 32.54 51.16 30.63 ,46.4 25.4 51.77 25.4 51.77 35.56 46.4 35.56 ,Utility,info,4.8 X 7.2 ft.,60.32 28.41 55.8 33.49 68.86 40 73.5 33.97 ,52.87 25.24 67.52 25.4 67.52 36.35 52.75 36.51 ,Dining,info,6.0 X 11.3 ft.,71.18 37.94 83.52 43.33 80.95 48.41 68.25 42.38 ,67.89 33.02 79.73 32.86 79.73 41.43 68.01 41.43 ,Lobby,info,5-1 ft.,44.08 50 ,54.46 63.02 ,Swimming Pool1,link,swimming_pool.jpg,19.78 45.24 ,34.31 71.11 ,Swimming Pool2,link,swimming_pool.jpg,26.86 26.03 ,20.27 45.4 ,Swimming Pool3,link,swimming_pool.jpg,,,,,,,,,,,G1.jpg,3bhk-type2-1-mor.png,3bhk-type2-1-noon.png,3bhk-type2-1-eve.png
G-3BHK type2-2,3bhk-type2-2.jpg,3bhk-type2-2-2d.jpg,26.13 26.19 21.98 29.21 28.57 32.06 32.48 28.89 ,17.34 42.86 27.23 42.86 27.11 50.16 17.34 50.16 ,Bath2,info,7.10 X 5.2 ft.,24.18 30.48 13.19 38.41 22.47 44.29 33.46 34.92 31.75 33.97 36.02 30.63 32.84 28.89 28.45 32.22 ,21.73 50.63 21.61 67.94 34.68 67.94 34.55 50.79 31.99 50.79 32.11 42.22 27.72 42.38 27.72 50.63 ,Bedroom2,info,10.6 X 12.0 ft.,30.16 40.32 26.62 44.76 43.22 54.76 46.64 49.52 ,37.48 59.84 37.61 65.24 57.26 65.24 57.26 59.84 ,Balcony1,info,4-1 ft.,38.46 31.27 28.82 39.05 40.9 45.56 49.33 36.67 ,35.29 42.22 35.16 59.21 49.94 59.21 49.94 42.38 ,Living,info,6.0 X 11.3 ft.,49.82 37.14 41.27 45.87 49.21 50.48 57.51 41.11 ,50.43 42.7 50.55 59.21 59.71 59.21 59.58 42.54 ,Kitchen,info,7.6 X 11.2 ft.,44.2 56.98 60.68 66.83 68.5 54.92 59.83 50.32 64.84 43.97 60.32 42.06 55.56 47.94 52.99 46.67 ,60.07 67.94 75.58 67.94 75.46 52.7 67.52 52.7 67.16 42.38 62.52 42.38 62.64 52.54 60.07 52.7 ,Bedroom1,info,10.6 X 12.6 ft.,45.18 58.57 41.64 64.13 54.33 72.86 57.88 66.83 ,62.03 68.89 62.03 74.44 73.75 74.29 73.63 68.89 ,Balcony2,info,4-1 ft.,65.08 44.6 60.56 50.48 68.62 54.6 72.65 48.25 ,67.52 42.54 67.64 52.38 75.95 52.22 75.95 42.7 ,Bath1,info,6.8 X 6.9 ft.,73.14 35.71 89.62 42.7 84.62 53.49 64.59 43.49 66.54 40.63 68.62 41.59 ,68.86 24.6 85.71 24.76 85.84 42.38 67.77 42.38 67.77 36.51 69.11 36.67 ,Master bedroom,info,13.6 X 12.0 ft.,75.46 49.84 73.02 54.6 81.2 58.73 83.64 53.97 ,78.51 43.17 78.51 48.57 85.71 48.57 85.59 43.17 ,Balcony3,info,4-1 ft.,62.64 31.27 58 36.19 64.1 39.21 68.38 33.81 ,56.53 24.76 63.49 24.6 63.61 35.87 56.53 36.03 ,Master bath,info,6.7 X 8.0 ft.,57.26 29.84 61.66 31.59 57.63 36.03 52.87 34.13 ,50.67 25.71 56.17 25.87 56.17 35.87 50.67 35.87 ,Utility,info,4.8 X 7.2 ft.,45.91 25.08 56.65 29.52 52.01 34.13 40.66 29.21 ,35.04 26.19 50.18 26.03 50.06 36.35 35.04 36.51 ,Dining,info,6.0 X 11.3 ft.,34.43 24.13 42.12 27.62 37.97 31.59 30.28 27.3 ,22.71 33.33 34.55 33.17 34.43 41.75 22.71 41.9 ,Lobby,info,5-1 ft.,35.78 46.67 ,47.37 62.38 ,Jogging1 ,link,jogging_park.jpg,49.08 65.24 ,67.16 71.43 ,Jogging2 ,link,jogging_track.jpg,77.9 53.97 ,81.81 46.03 ,Jogging3 ,link,jogging_track.jpg,,,,,,,,,,,G2.jpg,3bhk-type2-2-mor.png,3bhk-type2-2-noon.png,3bhk-type2-2-eve.png
G-3BHK-SQ-type1-3,3bhk-SQ-type1-3.jpg,3bhk-SQ-type1-3-2d.jpg,84.37 53.81 81.81 59.84 70.33 53.33 73.5 48.1 ,79.98 48.89 89.26 49.05 89.26 56.03 79.85 56.03 ,Bath2,info,7.10 X 5.2 ft. ,76.31 57.78 67.28 75.08 51.28 64.44 61.66 49.37 64.84 50.79 68.62 45.08 73.38 47.46 69.6 53.81 ,85.1 56.51 85.47 73.81 72.28 74.13 72.28 56.67 74.85 56.67 74.85 48.41 79.24 48.57 79.37 56.35 ,Bedroom2,info,10.6 X 12.0 ft.,53.36 54.13 49.45 61.43 29.3 48.41 33.94 42.38 ,69.47 65.56 69.47 72.54 48.47 72.54 48.47 65.24 ,Balcony1,info,4-11 ft.,50.31 35.4 40.54 45.87 56.53 55.71 65.32 43.02 ,71.79 48.25 71.79 64.92 55.68 64.76 55.8 47.94 ,Living,info,6.5 X 11.7 ft.,41.76 31.75 32.72 40.63 40.42 45.24 49.57 35.24 ,55.31 48.57 55.43 64.76 46.15 64.76 46.15 48.57 ,Kitchen,info,7.6 X 11.2 ft.,24.05 30.32 13.06 38.57 25.4 46.51 35.53 36.83 33.7 35.56 39.56 30.32 36.26 28.25 30.28 33.65 ,45.67 73.97 30.28 73.81 30.04 58.73 38.46 58.57 38.46 48.73 43.35 49.05 43.22 58.73 45.67 58.57 ,Bedroom1,info,12.6 X 10.6 ft.,17.58 34.44 14.9 33.49 20.63 29.05 23.2 29.84 ,29.3 58.41 24.66 58.41 24.79 67.46 29.3 67.3 ,Balcony2,info,4-1 ft.,30.4 25.08 24.91 29.84 30.4 32.86 35.65 27.94 ,30.04 48.57 38.22 48.73 38.1 57.94 30.16 58.1 ,Bath1,info,6.9 X 6.4 ft.,32.97 14.92 24.18 21.27 35.65 26.67 44.08 19.84 ,20.02 30.63 36.87 30.79 36.87 42.54 48.11 42.7 48.23 48.1 20.02 47.94 ,Master bedroom,info,13.6 X 12.0 ft.,23.69 20.48 22.22 19.68 28.69 15.71 30.16 16.19 ,19.29 33.02 14.53 33.02 14.41 45.56 19.29 45.71 ,Balcony3,info,4-1 ft.,52.87 23.81 47.99 21.43 42.25 26.51 47.86 29.37 ,49.33 30.79 49.45 41.9 42.12 41.9 42.25 30.63 ,Master bath,info,5.0 X 5.7 ft.,53.6 23.97 57.51 25.71 52.5 31.59 48.6 29.37 ,49.82 30.48 54.95 30.48 54.95 41.75 49.82 41.75 ,Utility,info,4.8 X 8.0 ft.,57.63 26.19 53.24 31.59 68.25 39.05 72.41 33.17 ,71.92 30.63 71.92 42.06 55.31 42.38 55.31 30.48 ,Dining,info,6.5 X 11.7 ft.,56.17 24.76 57.14 23.65 77.78 32.7 76.68 34.13 ,75.7 25.56 51.28 25.4 51.28 30 75.7 29.68 ,Utility Balcony,info,3-3 ft.,72.89 33.02 70.09 37.14 81.2 42.54 83.64 38.1 ,83.64 31.11 83.52 38.73 72.65 38.89 72.41 30.63 ,Servent room,info,8.11 X 5.7 ft.,81.2 31.59 88.77 34.76 86.69 38.57 78.63 34.92,78.02 23.65 85.47 23.49 85.59 29.68 78.02 29.68 ,Servent Bath,info,6.2 X 4.7 ft.,39.68 51.11 ,58.36 69.05 ,Jogging ,link,jogging_track.jpg,16.8 28.43 ,26.98 62.54 ,Hill View,link,hill_view.jpg,24.37 15.62 ,16.73 39.21 ,Hill View1,link,hill_view.jpg,G3.jpg,3bhk-SQ-type1-3-mor.png,3bhk-SQ-type1-3-noon.png,3bhk-SQ-type1-3-eve.png
G-3BHK-SQ-type1-4,3bhk-SQ-type1-4.jpg,3bhk-SQ-type1-4-2d.jpg,25.64 28.57 21.86 31.43 27.47 34.13 30.77 31.27 ,15.26 48.1 24.42 47.94 24.3 55.4 15.26 55.4 ,Bath2,info,7.10 X 5.2 ft. ,23.81 33.02 13.19 41.27 22.1 46.67 32.36 37.46 30.89 36.35 34.8 32.86 31.75 31.43 27.72 34.92 ,32.36 73.33 19.17 73.49 19.29 55.87 25.4 55.87 25.4 47.46 29.79 47.46 29.67 55.87 32.23 56.03 ,Bedroom2,info,10.6 X 12.0 ft.,29.18 43.33 25.76 48.1 41.76 58.57 45.3 52.86 ,56.04 65.08 56.17 71.75 35.29 71.75 35.41 64.76 ,Balcony1,info,4-11 ft.,36.75 34.13 28.08 42.06 39.68 48.73 47.86 39.68 ,32.72 47.62 32.6 64.13 48.96 64.29 48.96 47.62 ,Living,info,6.5 X 11.7 ft.,47.99 40 40.29 48.73 48.23 53.65 55.92 44.13 ,58.49 47.78 58.49 64.13 49.21 64.13 49.21 47.94 ,Kitchen,info,7.6 X 11.2 ft.,58.49 45.08 54.09 51.27 52.01 50.16 43.35 60.79 58.85 70.79 65.81 58.41 57.88 53.97 62.27 46.83 ,74.6 73.33 58.97 73.33 58.97 58.1 61.29 58.1 61.42 47.94 65.93 47.94 66.06 57.94 74.48 58.1 ,Bedroom1,info,12.6 X 10.6 ft.,67.03 58.25 71.43 61.9 67.64 68.57 63 65.56 ,75.58 57.62 79.85 57.78 79.85 66.51 75.58 66.51 ,Balcony2,info,4-1 ft.,62.76 47.3 58.61 53.49 66.06 57.62 69.84 50.95 ,66.42 48.1 74.36 47.94 74.36 57.3 66.42 57.14 ,Bath1,info,6.9 X 6.4 ft.,70.09 38.41 85.59 45.56 80.46 56.35 62.39 46.83 64.22 43.65 66.3 44.6 ,84.62 30.16 67.77 30 67.89 42.06 66.3 42.06 66.42 47.3 84.74 47.14 ,Master bedroom,info,13.6 X 12.0 ft.,85.84 47.78 90.11 50.63 86.45 58.57 82.3 55.4 ,90.11 32.54 85.35 32.38 85.35 45.24 90.23 44.92 ,Balcony3,info,4-1 ft.,60.68 33.65 56.53 38.89 62.52 41.59 66.06 36.51 ,55.31 30 55.56 41.27 62.39 41.27 62.39 29.84 ,Master bath,info,5.0 X 5.7 ft.,56.53 31.43 51.53 36.98 55.92 39.05 60.32 33.33 ,49.57 29.84 55.07 29.84 55.07 41.11 49.45 40.95 ,Utility,info,4.8 X 8.0 ft.,44.81 25.87 39.93 31.11 50.55 36.98 55.19 31.59 ,32.6 29.84 48.84 29.84 48.84 41.9 32.6 42.06 ,Dining,info,6.5 X 11.7 ft.,60.44 31.75 45.3 23.81 44.69 24.6 59.22 32.7 ,53.48 24.76 28.82 24.92 28.69 28.89 53.24 28.89 ,Utility Balcony,info,3-3 ft.,40.66 29.84 33.46 26.03 36.75 23.02 44.2 26.35 ,21.25 30 21.25 38.1 32.36 37.94 32.23 29.84 ,Servent room,info,8.11 X 5.7 ft.,39.44 20.32 36.51 22.06 41.27 24.29 43.35 22.06 ,19.17 22.7 19.29 29.21 26.74 29.21 26.74 22.86 ,Servent Bath,info,6.2 X 4.7 ft.,34.8 50.32 ,45.05 68.41 ,Swimming Pool,link,swimming_pool.jpg,65.4 61.97 ,78.27 62.22 ,Hill View,link,hill_view.jpg,83.96 50.97 ,88.03 37.46 ,Hill View1,link,hill_view.jpg,G4.jpg,3bhk-SQ-type1-4-mor.png,3bhk-SQ-type1-4-noon.png,3bhk-SQ-type1-4-eve.png
I-3BHK-SQ-type1-1,3bhk-SQ-type1-1.jpg,3bhk-SQ-type1-1-2d.jpg,84.37 53.81 81.81 59.84 70.33 53.33 73.5 48.1 ,79.98 48.89 89.26 49.05 89.26 56.03 79.85 56.03 ,Bath2,info,7.10 X 5.2 ft. ,76.31 57.78 67.28 75.08 51.28 64.44 61.66 49.37 64.84 50.79 68.62 45.08 73.38 47.46 69.6 53.81 ,85.1 56.51 85.47 73.81 72.28 74.13 72.28 56.67 74.85 56.67 74.85 48.41 79.24 48.57 79.37 56.35 ,Bedroom2,info,10.6 X 12.0 ft.,53.36 54.13 49.45 61.43 29.3 48.41 33.94 42.38 ,69.47 65.56 69.47 72.54 48.47 72.54 48.47 65.24 ,Balcony1,info,4-11 ft.,50.31 35.4 40.54 45.87 56.53 55.71 65.32 43.02 ,71.79 48.25 71.79 64.92 55.68 64.76 55.8 47.94 ,Living,info,6.5 X 11.7 ft.,41.76 31.75 32.72 40.63 40.42 45.24 49.57 35.24 ,55.31 48.57 55.43 64.76 46.15 64.76 46.15 48.57 ,Kitchen,info,7.6 X 11.2 ft.,24.05 30.32 13.06 38.57 25.4 46.51 35.53 36.83 33.7 35.56 39.56 30.32 36.26 28.25 30.28 33.65 ,45.67 73.97 30.28 73.81 30.04 58.73 38.46 58.57 38.46 48.73 43.35 49.05 43.22 58.73 45.67 58.57 ,Bedroom1,info,12.6 X 10.6 ft.,17.58 34.44 14.9 33.49 20.63 29.05 23.2 29.84 ,29.3 58.41 24.66 58.41 24.79 67.46 29.3 67.3 ,Balcony2,info,4-1 ft.,30.4 25.08 24.91 29.84 30.4 32.86 35.65 27.94 ,30.04 48.57 38.22 48.73 38.1 57.94 30.16 58.1 ,Bath1,info,6.9 X 6.4 ft.,32.97 14.92 24.18 21.27 35.65 26.67 44.08 19.84 ,20.02 30.63 36.87 30.79 36.87 42.54 48.11 42.7 48.23 48.1 20.02 47.94 ,Master bedroom,info,13.6 X 12.0 ft.,23.69 20.48 22.22 19.68 28.69 15.71 30.16 16.19 ,19.29 33.02 14.53 33.02 14.41 45.56 19.29 45.71 ,Balcony3,info,4-1 ft.,52.87 23.81 47.99 21.43 42.25 26.51 47.86 29.37 ,49.33 30.79 49.45 41.9 42.12 41.9 42.25 30.63 ,Master bath,info,5.0 X 5.7 ft.,53.6 23.97 57.51 25.71 52.5 31.59 48.6 29.37 ,49.82 30.48 54.95 30.48 54.95 41.75 49.82 41.75 ,Utility,info,4.8 X 8.0 ft.,57.63 26.19 53.24 31.59 68.25 39.05 72.41 33.17 ,71.92 30.63 71.92 42.06 55.31 42.38 55.31 30.48 ,Dining,info,6.5 X 11.7 ft.,56.17 24.76 57.14 23.65 77.78 32.7 76.68 34.13 ,75.7 25.56 51.28 25.4 51.28 30 75.7 29.68 ,Utility Balcony,info,3-3 ft.,72.89 33.02 70.09 37.14 81.2 42.54 83.64 38.1 ,83.64 31.11 83.52 38.73 72.65 38.89 72.41 30.63 ,Servent room,info,8.11 X 5.7 ft.,81.2 31.59 88.77 34.76 86.69 38.57 78.63 34.92,78.02 23.65 85.47 23.49 85.59 29.68 78.02 29.68 ,Servent Toilet,info,6.2 X 4.7 ft.,43.22 50.32,58.36 69.05 ,Tennis Court1 ,link,tennis_court.jpg,17.15 28.86,26.86 62.86 ,Tennis Court2  ,link,tennis_court.jpg,25.15 14.51 ,16.73 39.21 ,Tennis Court3   ,link,tennis_court.jpg,I1.jpg,3bhk-SQ-type1-1-mor.png,3bhk-SQ-type1-1-noon.png,3bhk-SQ-type1-1-eve.png
I-3BHK-SQ-type1-2,3bhk-SQ-type1-2.jpg,3bhk-SQ-type1-2-2d.jpg,25.64 28.57 21.86 31.43 27.47 34.13 30.77 31.27 ,15.26 48.1 24.42 47.94 24.3 55.4 15.26 55.4 ,Bath2,info,7.10 X 5.2 ft. ,23.81 33.02 13.19 41.27 22.1 46.67 32.36 37.46 30.89 36.35 34.8 32.86 31.75 31.43 27.72 34.92 ,32.36 73.33 19.17 73.49 19.29 55.87 25.4 55.87 25.4 47.46 29.79 47.46 29.67 55.87 32.23 56.03 ,Bedroom2,info,10.6 X 12.0 ft.,29.18 43.33 25.76 48.1 41.76 58.57 45.3 52.86 ,56.04 65.08 56.17 71.75 35.29 71.75 35.41 64.76 ,Balcony1,info,4-11 ft.,36.75 34.13 28.08 42.06 39.68 48.73 47.86 39.68 ,32.72 47.62 32.6 64.13 48.96 64.29 48.96 47.62 ,Living,info,6.5 X 11.7 ft.,47.99 40 40.29 48.73 48.23 53.65 55.92 44.13 ,58.49 47.78 58.49 64.13 49.21 64.13 49.21 47.94 ,Kitchen,info,7.6 X 11.2 ft.,58.49 45.08 54.09 51.27 52.01 50.16 43.35 60.79 58.85 70.79 65.81 58.41 57.88 53.97 62.27 46.83 ,74.6 73.33 58.97 73.33 58.97 58.1 61.29 58.1 61.42 47.94 65.93 47.94 66.06 57.94 74.48 58.1 ,Bedroom1,info,12.6 X 10.6 ft.,67.03 58.25 71.43 61.9 67.64 68.57 63 65.56 ,75.58 57.62 79.85 57.78 79.85 66.51 75.58 66.51 ,Balcony2,info,4-1 ft.,62.76 47.3 58.61 53.49 66.06 57.62 69.84 50.95 ,66.42 48.1 74.36 47.94 74.36 57.3 66.42 57.14 ,Bath1,info,6.9 X 6.4 ft.,70.09 38.41 85.59 45.56 80.46 56.35 62.39 46.83 64.22 43.65 66.3 44.6 ,84.62 30.16 67.77 30 67.89 42.06 66.3 42.06 66.42 47.3 84.74 47.14 ,Master bedroom,info,13.6 X 12.0 ft.,85.84 47.78 90.11 50.63 86.45 58.57 82.3 55.4 ,90.11 32.54 85.35 32.38 85.35 45.24 90.23 44.92 ,Balcony3,info,4-1 ft.,60.68 33.65 56.53 38.89 62.52 41.59 66.06 36.51 ,55.31 30 55.56 41.27 62.39 41.27 62.39 29.84 ,Master bath,info,5.0 X 5.7 ft.,44.93 24.29 43.47 25.08 59.58 32.54 61.05 31.59,49.57 29.84 55.07 29.84 55.07 41.11 49.45 40.95 ,Utility,info,4.8 X 8.0 ft.,44.81 25.87 39.93 31.11 50.55 36.98 55.19 31.59 ,32.6 29.84 48.84 29.84 48.84 41.9 32.6 42.06 ,Dining,info,6.5 X 11.7 ft.,60.44 31.75 45.3 23.81 44.69 24.6 59.22 32.7 ,53.48 24.76 28.82 24.92 28.69 28.89 53.24 28.89 ,Utility Balcony,info,3-3 ft.,40.66 29.84 33.46 26.03 36.75 23.02 44.2 26.35 ,21.25 30 21.25 38.1 32.36 37.94 32.23 29.84 ,Servent room,info,8.11 X 5.7 ft.,39.44 20.32 36.51 22.06 41.27 24.29 43.35 22.06 ,19.17 22.7 19.29 29.21 26.74 29.21 26.74 22.86 ,Servent Bath,info,6.2 X 4.7 ft.,34.8 50.32 ,45.05 68.41 ,Club House,link,club_house.jpg,67.28 65.24 ,78.27 62.22 ,Tennis Court1,link,tennis_court.jpg,85.71 53.65 ,88.03 37.46 ,Tennis Court 2,link,tennis_court.jpg,I2.jpg,3bhk-SQ-type1-2-mor.png,3bhk-SQ-type1-2-noon.png,3bhk-SQ-type1-2-eve.png
I-3BHK type2-3,3bhk-type2-3.jpg,3bhk-type2-3-2d.jpg,85.96 52.38 83.27 57.78 71.79 51.75 75.09 46.83,85.23 49.37 85.1 42.54 75.7 42.54 75.7 49.37 ,Bath2,info,7.10 X 5.2 ft.,63.86 48.1 53.97 61.27 70.09 71.27 78.27 55.56 71.18 51.75 74.97 45.87 70.21 43.97 66.67 49.52 ,81.2 50 81.2 67.78 67.77 67.78 68.01 50.16 70.45 50.16 70.33 41.9 75.21 42.06 75.21 50 ,Bedroom2,info,10.6 X 12.0 ft.,37 42.38 33.7 47.14 52.38 58.41 55.07 52.54 ,64.96 59.52 65.08 64.92 45.3 64.76 45.3 59.52 ,Balcony1,info,4-1 ft.,53.11 35.71 44.32 45.56 58.73 53.81 66.79 42.54 ,52.5 41.9 52.63 58.57 67.4 58.57 67.4 41.9 ,Living,info,6.0 X 11.3 ft.,44.93 32.7 35.9 41.11 43.83 45.24 52.38 35.87 ,42.86 42.22 43.1 58.89 52.01 58.73 52.01 42.38 ,Kitchen,info,7.6 X 11.2 ft.,27.59 31.11 17.34 38.73 29.06 46.19 39.07 37.14 37.61 36.35 42.98 31.11 39.56 29.52 33.7 34.29 ,26.98 52.7 26.98 67.46 42.49 67.62 42.74 52.7 40.05 53.02 40.05 41.9 35.41 41.9 35.41 52.7 ,Bedroom1,info,10.6 X 12.6 ft.,17.7 40.16 13.92 44.6 23.44 50.63 26.86 46.19 ,40.66 68.57 40.66 74.13 28.94 74.13 28.94 68.57 ,Balcony2,info,4-1 ft.,32.84 27.14 28.08 30.48 33.7 33.49 38.58 29.52 ,26.62 42.06 26.74 51.9 35.04 51.9 34.92 41.9 ,Bath1,info,6.8 X 6.9 ft.,35.9 17.78 26.98 23.33 40.42 29.84 43.1 27.46 41.51 26.51 47.25 22.06 ,16.85 24.29 16.85 41.75 34.92 41.59 35.04 36.35 33.46 36.51 33.46 24.29 ,Master bedroom,info,13.6 X 12.0 ft.,26.62 23.97 23.81 27.14 28.45 29.52 31.14 26.19 ,16.73 42.7 16.73 48.1 24.42 48.25 24.3 42.7 ,Balcony3,info,4-1 ft.,50.55 23.65 55.56 25.71 50.92 30.32 45.67 28.1 ,39.07 24.29 45.79 24.44 45.91 35.71 39.19 35.56 ,Master bath,info,6.7 X 8.0 ft.,55.56 26.35 59.71 28.25 55.56 32.54 51.16 30.63 ,46.4 25.4 51.77 25.4 51.77 35.56 46.4 35.56 ,Utility,info,4.8 X 7.2 ft.,60.32 28.41 55.8 33.49 68.86 40 73.5 33.97 ,52.87 25.24 67.52 25.4 67.52 36.35 52.75 36.51 ,Dining,info,6.0 X 11.3 ft.,71.18 37.94 83.52 43.33 80.95 48.41 68.25 42.38 ,67.89 33.02 79.73 32.86 79.73 41.43 68.01 41.43 ,Lobby,info,5-1 ft.,44.08 50 ,54.46 63.02 ,Club House,link,club_house.jpg,19.78 45.24 ,34.31 71.11 ,Club House1,link,club_house.jpg,26.86 26.03 ,20.27 45.4 ,Swimming Pool,link,swimming_pool.jpg,,,,,,,,,,,I3.jpg,3bhk-type2-3-mor.png,3bhk-type2-3-noon.png,3bhk-type2-3-eve.png
I-3BHK type2-4,3bhk-type2-4.jpg,3bhk-type2-4-2d.jpg,26.13 26.19 21.98 29.21 28.57 32.06 32.48 28.89 ,17.34 42.86 27.23 42.86 27.11 50.16 17.34 50.16 ,Bath2,info,7.10 X 5.2 ft.,24.18 30.48 13.19 38.41 22.47 44.29 33.46 34.92 31.75 33.97 36.02 30.63 32.84 28.89 28.45 32.22 ,21.73 50.63 21.61 67.94 34.68 67.94 34.55 50.79 31.99 50.79 32.11 42.22 27.72 42.38 27.72 50.63 ,Bedroom2,info,10.6 X 12.0 ft.,30.16 40.32 26.62 44.76 43.22 54.76 46.64 49.52 ,37.48 59.84 37.61 65.24 57.26 65.24 57.26 59.84 ,Balcony1,info,4-1 ft.,38.46 31.27 28.82 39.05 40.9 45.56 49.33 36.67 ,35.29 42.22 35.16 59.21 49.94 59.21 49.94 42.38 ,Living,info,6.0 X 11.3 ft.,49.82 37.14 41.27 45.87 49.21 50.48 57.51 41.11 ,50.43 42.7 50.55 59.21 59.71 59.21 59.58 42.54 ,Kitchen,info,7.6 X 11.2 ft.,44.2 56.98 60.68 66.83 68.5 54.92 59.83 50.32 64.84 43.97 60.32 42.06 55.56 47.94 52.99 46.67 ,60.07 67.94 75.58 67.94 75.46 52.7 67.52 52.7 67.16 42.38 62.52 42.38 62.64 52.54 60.07 52.7 ,Bedroom1,info,10.6 X 12.6 ft.,45.18 58.57 41.64 64.13 54.33 72.86 57.88 66.83 ,62.03 68.89 62.03 74.44 73.75 74.29 73.63 68.89 ,Balcony2,info,4-1 ft.,65.08 44.6 60.56 50.48 68.62 54.6 72.65 48.25 ,67.52 42.54 67.64 52.38 75.95 52.22 75.95 42.7 ,Bath1,info,6.8 X 6.9 ft.,73.14 35.71 89.62 42.7 84.62 53.49 64.59 43.49 66.54 40.63 68.62 41.59 ,68.86 24.6 85.71 24.76 85.84 42.38 67.77 42.38 67.77 36.51 69.11 36.67 ,Master bedroom,info,13.6 X 12.0 ft.,75.46 49.84 73.02 54.6 81.2 58.73 83.64 53.97 ,78.51 43.17 78.51 48.57 85.71 48.57 85.59 43.17 ,Balcony3,info,4-1 ft.,62.64 31.27 58 36.19 64.1 39.21 68.38 33.81 ,56.53 24.76 63.49 24.6 63.61 35.87 56.53 36.03 ,Master bath,info,6.7 X 8.0 ft.,57.26 29.84 61.66 31.59 57.63 36.03 52.87 34.13 ,50.67 25.71 56.17 25.87 56.17 35.87 50.67 35.87 ,Utility,info,4.8 X 7.2 ft.,45.91 25.08 56.65 29.52 52.01 34.13 40.66 29.21 ,35.04 26.19 50.18 26.03 50.06 36.35 35.04 36.51 ,Dining,info,6.0 X 11.3 ft.,34.43 24.13 42.12 27.62 37.97 31.59 30.28 27.3 ,22.71 33.33 34.55 33.17 34.43 41.75 22.71 41.9 ,Lobby,info,5-1 ft.,35.78 46.67 ,47.37 62.38 ,Tennis Court,link,tennis_court.jpg,49.08 65.24 ,67.16 71.43 ,Tennis Court1,link,tennis_court.jpg,77.9 53.97 ,81.81 46.03 ,Tennis Court2,link,tennis_court.jpg,,,,,,,,,,,I4.jpg,3bhk-type2-4-mor.png,3bhk-type2-4-noon.png,3bhk-type2-4-eve.png
L-3BHK type1-1,3bhk-type1-1.jpg,3bhk-type1-1-2d.jpg,43.96 36.83 34.31 45.4 46.28 52.7 55.43 42.7,59.95 44.29 59.83 59.68 46.4 59.68 46.4 44.29,Bedroom2,info,10.6 ft. X 10.4 ft.,22.47 25.56 21.12 24.6 27.23 20.95 29.79 20.79,13.8 28.57 9.16 28.73 9.16 41.27 13.55 41.27,Balcony 1,info,4.1 ft. X 8.8 ft.,56.29 43.33 47.37 53.02 63.98 63.17 71.92 51.11,60.68 60 76.31 60 76.31 43.65 60.68 43.97,Living,info,6.0 ft. X 10.95 ft.,82.17 56.67 75.09 70.32 64.59 63.33 72.53 51.43,85.1 44.29 85.1 60 76.92 59.84 76.8 44.29,Kitchen,info,6.6 ft. X 10.4 ft.,25.4 33.65 14.53 41.9 28.08 50.48 43.22 36.51 40.05 35.08 34.8 39.21,28.33 69.05 45.67 69.05 45.67 44.29 40.66 44.29 40.66 53.02 28.21 53.02,Bedroom1,info,13.6 ft. X 10.6 ft.,37.85 48.73 32.23 55.56 61.66 75.4 66.18 66.03,79 60.95 79 69.52 51.16 69.37 50.92 61.11,Balcony 2,info,5.11 ft. X 21.9 ft.,30.28 30.63 26.01 33.81 34.8 38.57 39.44 34.76,28.21 44.29 28.08 52.54 40.17 52.54 40.17 44.29,Bath1,info,9.9 ft. X 5.5 ft.,31.87 20.32 22.71 26.03 40.29 34.6 42.86 32.38 37.12 29.21 42.49 25.08,14.77 26.03 32.23 26.19 32.23 38.1 40.29 38.1 40.29 43.65 14.77 43.49,Master bedroom,info,13.6 ft. X 11.6 ft.,55.56 37.78 63.98 40.79 61.66 44.44 52.63 41.11,64.59 62.54 64.59 70.63 54.21 70.48 54.33 62.22,Master bath,info,8.2 ft. X 5.5 ft.,64.1 34.76 58.97 40.48 74.24 48.1 78.63 41.27,76.31 26.98 76.31 37.78 60.68 37.78 60.68 26.98,Dining,info,6.0 ft. X 10.95 ft.,46.64 60.63,63.49 65.4,Garden View ,link,garden_view.jpg,24.54 20.02,10.74 35.24,Amphitheater,link,amphitheater.jpg,,,,,,,,,,,,,,,,,,,,,,,,,,,,,,,,,,,,L1.jpg,3bhk-type1-1-mor.png,3bhk-type1-1-noon.png,3bhk-type1-1-eve.png
L-3BHK type1-2,3bhk-type1-2.jpg,3bhk-type1-2-2d.jpg,39.07 40 31.01 47.46 42.12 52.54 49.45 43.97,40.17 48.89 40.29 64.6 53.97 64.6 53.72 48.89,Bedroom2,info,10.6 ft. X 10.4 ft.,84.13 47.62 88.89 50.79 86.2 57.94 81.44 54.92,86.08 33.33 90.96 33.33 91.09 45.87 85.96 46.03,Balcony 1,info,4.1 ft. X 8.8 ft.,27.72 34.92 19.05 41.75 30.28 47.3 38.58 39.52,39.19 48.41 39.44 64.76 23.69 64.6 23.69 48.41,Living,info,6.0 ft. X 10.95 ft.,21.73 33.02 13.06 39.21 18.44 41.43 26.98 34.92,14.77 48.89 14.65 64.6 23.44 64.6 23.44 48.57,Kitchen,info,6.6 ft. X 10.4 ft.,49.94 44.13 37.61 58.73 55.43 67.46 62.52 56.35 50.43 50.63 54.21 45.87,54.33 48.89 54.46 73.49 72.16 73.65 72.04 57.62 59.46 57.78 59.34 49.05,Bedroom1,info,13.6 ft. X 10.6 ft.,16.97 41.75 11.97 46.83 32.84 57.62 37.48 51.43,21 65.56 21 74.29 48.96 74.13 48.96 65.56,Balcony 2,info,5.11 ft. X 21.9 ft.,54.46 46.19 65.81 51.11 62.88 55.71 51.16 50.32,72.16 57.14 59.46 56.98 59.58 48.73 72.04 48.89,Bath1,info,9.9 ft. X 5.5 ft.,83.76 46.03 79.98 56.19 54.46 45.87 56.78 43.17 63.98 45.87 67.52 40,85.23 30.95 85.23 48.25 59.58 48.1 59.46 42.86 67.64 42.54 67.52 30.95,Master bedroom,info,13.6 ft. X 11.6 ft.,55.68 37.78 63.98 40.95 61.54 44.29 52.75 41.11,54.21 34.13 64.71 33.97 64.71 42.38 54.21 42.06,Master bath,info,8.2 ft. X 5.5 ft.,35.29 28.89 45.67 32.54 41.15 36.98 30.65 32.54,23.57 31.43 39.32 31.27 39.19 42.7 23.57 42.7,Dining,info,6.0 ft. X 10.95 ft.,23.81 48.1,33.7 69.68,Jogging ,link,jogging_park.jpg,85.35 52.54,88.4 39.21,Amphitheater,link,amphitheater.jpg,,,,,,,,,,,,,,,,,,,,,,,,,,,,,,,,,,,,L2.jpg,3bhk-type1-2-mor.png,3bhk-type1-2-noon.png,3bhk-type1-2-eve.png
L-2BHK type1-3,2bhk-type1-3.jpg,2bhk-type1-3-2d.jpg,18.56 23.17 12.94 30.16 24.3 34.6 29.18 27.62,15.38 46.83 28.94 46.83 28.94 57.78 15.51 57.94,Balcony 1,info,5.9 ft. X 8.6 ft.,73.02 43.02 65.08 58.1 44.2 48.89 54.46 34.76,54.58 67.3 73.26 67.3 73.14 45.56 54.7 45.56,Living,info,5.8 ft. X 10.95 ft.,85.71 48.57 79.37 64.44 66.06 58.41 73.75 43.49,84.25 45.56 84.25 67.3 73.63 67.3 73.87 45.4,Kitchen,info,6.6 ft. X 10.4 ft.,29.18 35.08 16.97 47.78 36.75 57.46 52.87 35.56 47.37 33.49 42.12 40.16,34.92 57.94 34.92 79.52 54.09 79.37 54.09 45.56 48.47 45.56 48.47 57.94,Bedroom1,info,12.0 X 10.6 ft.,50.79 52.86 44.57 63.49 64.1 73.33 69.23 60.95,76.68 79.68 60.81 79.68 60.68 68.57 76.56 68.57,Balcony 2,info,5.11 ft. X 10.4 ft.,46.28 33.33 41.64 39.05 27.11 33.33 32.84 27.78,47.74 46.19 47.74 57.3 32.36 57.3 32.36 46.03,Bath1,info,9.9 ft. X 5.5 ft.,29.79 13.65 46.15 18.89 39.93 25.56 50.31 29.68 47.37 33.17 19.41 22.7,15.63 22.06 36.63 22.22 36.51 37.62 47.74 37.78 47.62 45.4 15.51 45.4,Master bedroom,info,13.0 X 11.6 ft.,47.62 21.75 59.83 26.03 56.29 31.27 43.47 26.51,40.05 26.35 54.21 26.19 54.09 37.3 40.05 37.3,Master bath,info,8.8 ft. X 5.5 ft.,61.66 24.6 79.61 30.63 74.97 39.37 56.04 32.86,54.7 22.86 73.26 23.02 73.26 37.62 54.82 37.62,Dining,info,5.8 ft. X 10.95 ft.,19 29.11,21.61 51.9,Jogging ,link,jogging_park.jpg,56.17 65.71,67.77 74.6,Jogging 2,link,jogging_park.jpg,,,,,,,,,,,,,,,,,,,,,,,,,,,,,,,,,,,,,,,,,L3.jpg,2bhk-type1-3-mor.png,2bhk-type1-3-noon.png,2bhk-type1-3-eve.png
L-2BHK type1-4,2bhk-type1-4.jpg,2bhk-type1-4-2d.jpg,69.84 48.1 66.54 56.83 81.93 63.49 85.1 54.13,70.33 46.83 70.21 58.1 83.88 57.94 84 46.83,Balcony 1,info,5.9 ft. X 8.6 ft.,30.04 32.06 19.66 42.22 36.02 49.52 45.42 37.78,26.01 45.71 44.69 45.56 44.57 67.3 26.13 67.3,Living,info,5.8 ft. X 10.95 ft.,21.49 28.89 10.74 38.57 19.05 41.9 29.67 31.75,15.14 46.19 15.14 67.3 25.76 67.3 25.76 46.19,Kitchen,info,6.6 ft. X 10.4 ft.,45.91 37.94 30.28 57.78 51.04 67.94 59.95 52.54 46.15 46.51 51.28 40,45.05 46.03 45.18 79.21 64.71 79.37 64.59 57.94 51.16 57.94 51.16 46.03,Bedroom1,info,12.0 X 10.6 ft.,16.61 42.06 10.13 49.84 23.93 56.67 31.87 49.05,23.08 68.57 23.08 79.68 38.58 79.68 38.71 68.57,Balcony 2,info,5.11 ft. X 10.4 ft.,51.65 40.63 47.13 46.35 63.74 53.49 67.64 46.83,51.65 46.19 67.03 46.03 67.03 57.3 51.77 57.3,Bath1,info,9.9 ft. X 5.5 ft.,69.35 32.86 89.87 39.52 85.35 53.17 52.01 40.16 54.46 36.51 65.08 40.32,62.88 22.06 83.88 22.06 83.88 45.4 51.65 45.4 51.53 38.1 63 37.94,Master bedroom,info,13.0 X 11.6 ft.,64.71 33.81 61.54 38.57 49.33 33.81 53.11 29.37,59.1 26.51 59.34 37.14 45.3 37.14 45.3 26.67,Master bath,info,8.8 ft. X 5.5 ft.,39.19 23.17 53.24 27.94 48.11 34.29 33.7 28.89,26.13 22.86 44.57 22.7 44.57 37.78 26.13 37.78,Dining,info,5.8 ft. X 10.95 ft.,19.17 50.63,30.53 74.29,Garden View ,link,garden_view.jpg,74.73 57.14,76.31 52.22,Garden View 2,link,garden_view.jpg,,,,,,,,,,,,,,,,,,,,,,,,,,,,,,,,,,,,,,,,,L4.jpg,2bhk-type1-4-mor.png,2bhk-type1-4-noon.png,2bhk-type1-4-eve.png
